album,group,group_no,track_no,title,runtime,musician,feat,source,original_game,mp3_url,flac_url,description,excerpt
Harmony of a Hunter Returns,,1,1,My Past is not a Memory,6:50,"Akmigone, Zack Parrish",Anthony Morgan,"Opening (Metroid), Prologue (Super Metroid), Main Theme, Metroid Prime",Metroid series,"https://albums.shinesparkers.net/hoahr/Lossy/01%20-%20My%20Past%20is%20Not%20a%20Memory%20-%20Zack%20Parrish,%20Akmigone%20(feat.%20Anthony%20Morgan).mp3","https://albums.shinesparkers.net/hoahr/Lossless/01%20-%20My%20Past%20is%20Not%20a%20Memory%20-%20Zack%20Parrish,%20Akmigone%20(feat.%20Anthony%20Morgan).flac",,
Harmony of a Hunter Returns,,1,2,Through Depths and Beyond,4:45,Vincent Rubinetti,,Brinstar,"Metroid, Metroid: Zero Mission",https://albums.shinesparkers.net/hoahr/Lossy/02%20-%20Through%20Depths%20and%20Beyond%20-%20Vincent%20Rubinetti.mp3,https://albums.shinesparkers.net/hoahr/Lossless/02%20-%20Through%20Depths%20and%20Beyond%20-%20Vincent%20Rubinetti.flac,,
Harmony of a Hunter Returns,,1,3,Lost Science of The Chozo ,4:38,Myrtorp,,Chozo Laboratory,Metroid: Samus Returns,https://albums.shinesparkers.net/hoahr/Lossy/03%20-%20Lost%20Science%20of%20The%20Chozo%20-%20Myrtorp.mp3,https://albums.shinesparkers.net/hoahr/Lossless/03%20-%20Lost%20Science%20of%20The%20Chozo%20-%20Myrtorp.flac,,
Harmony of a Hunter Returns,,1,4,A Severed Queen,3:50,Drakeld,,Vs Parasite Queen,Metroid Prime,https://albums.shinesparkers.net/hoahr/Lossy/04%20-%20A%20Severed%20Queen%20-%20Drakeld.mp3,https://albums.shinesparkers.net/hoahr/Lossless/04%20-%20A%20Severed%20Queen%20-%20Drakeld.flac,,
Harmony of a Hunter Returns,,1,5,Justice Will Prevail,5:50,Mega Beardo,,Vs Rundas,Metroid Prime 3: Corruption,https://albums.shinesparkers.net/hoahr/Lossy/05%20-%20Justice%20Will%20Prevail%20-%20Mega%20Beardo.mp3,https://albums.shinesparkers.net/hoahr/Lossless/05%20-%20Justice%20Will%20Prevail%20-%20Mega%20Beardo.flac,,
Harmony of a Hunter Returns,,1,6,Chasing the Draygon,5:31,Jonathan Peros,,Lower Maridia (Super Metroid),Super Metroid,https://albums.shinesparkers.net/hoahr/Lossy/06%20-%20Chasing%20the%20Draygon%20-%20Jonathan%20Peros.mp3,https://albums.shinesparkers.net/hoahr/Lossless/06%20-%20Chasing%20the%20Draygon%20-%20Jonathan%20Peros.flac,,
Harmony of a Hunter Returns,,1,7,Opposing Currents,4:24,Luminist,,Sector 4 (AQA) (Metroid Fusion),Metroid Fusion,https://albums.shinesparkers.net/hoahr/Lossy/07%20-%20Opposing%20Currents%20-%20Luminist.mp3,https://albums.shinesparkers.net/hoahr/Lossless/07%20-%20Opposing%20Currents%20-%20Luminist.flac,,
Harmony of a Hunter Returns,,1,8,Arriving Somewhere in Torvus Bog,7:05,Sebastian Mårtensson,,Torvus Bog (Metroid Prime 2: Echoes),Metroid Prime 2: Echoes,https://albums.shinesparkers.net/hoahr/Lossy/08%20-%20Arriving%20Somewhere%20in%20Torvus%20Bog%20-%20Sebastian%20Mårtensson.mp3,https://albums.shinesparkers.net/hoahr/Lossless/08%20-%20Arriving%20Somewhere%20in%20Torvus%20Bog%20-%20Sebastian%20Mårtensson.flac,,
Harmony of a Hunter Returns,,1,9,Echoes in Crimson,4:22,Christopher Hunter,,"Brinstar Red (Super Metroid), Jungle Temple (Samus Returns)","Super Metroid, Samus Returns",https://albums.shinesparkers.net/hoahr/Lossy/09%20-%20Echoes%20in%20Crimson%20-%20Christopher%20Hunter.mp3,https://albums.shinesparkers.net/hoahr/Lossless/09%20-%20Echoes%20in%20Crimson%20-%20Christopher%20Hunter.flac,,
Harmony of a Hunter Returns,,1,10,Prophecy of the Forgotten,4:46,Groovin' Apple,"Darren Kerwin, Chromatic Apparatus",Chapel of the Elders / Artifact Temple (Metroid Prime),Metroid Prime,https://albums.shinesparkers.net/hoahr/Lossy/10%20-%20Prophecy%20of%20the%20Forgotten%20-%20Groovin'%20Apple%20(feat.%20Darren%20Kerwin).mp3,https://albums.shinesparkers.net/hoahr/Lossless/10%20-%20Prophecy%20of%20the%20Forgotten%20-%20Groovin'%20Apple%20(feat.%20Darren%20Kerwin).flac,,
Harmony of a Hunter Returns,,1,11,The Pursuit,3:12,Zack Parrish,,Artaria (Metroid Dread),Metroid Dread,https://albums.shinesparkers.net/hoahr/Lossy/11%20-%20The%20Pursuit%20-%20Zack%20Parrish.mp3,https://albums.shinesparkers.net/hoahr/Lossless/11%20-%20The%20Pursuit%20-%20Zack%20Parrish.flac,,
Harmony of a Hunter Returns,,1,12,Mechavania,3:44,Drakeld,,Vs Quadraxis (Metroid Prime 2: Echoes),Metroid Prime 2: Echoes,https://albums.shinesparkers.net/hoahr/Lossy/12%20-%20Mechavania%20-%20Drakeld.mp3,https://albums.shinesparkers.net/hoahr/Lossless/12%20-%20Mechavania%20-%20Drakeld.flac,,
Harmony of a Hunter Returns,,1,13,Metamorphosis,6:46,Sam Dillard,,Chykka Larva & Adult (Metroid Prime 2: Echoes),Metroid Prime 2: Echoes,https://albums.shinesparkers.net/hoahr/Lossy/13%20-%20Metamorphosis%20-%20Sam%20Dillard.mp3,https://albums.shinesparkers.net/hoahr/Lossless/13%20-%20Metamorphosis%20-%20Sam%20Dillard.flac,,
Harmony of a Hunter Returns,,1,14,Club Kraid,5:08,LV-380,,Kraid's Lair (Metroid),Metroid,https://albums.shinesparkers.net/hoahr/Lossy/14%20-%20Club%20Kraid%20-%20LV-380.mp3,https://albums.shinesparkers.net/hoahr/Lossless/14%20-%20Club%20Kraid%20-%20LV-380.flac,,
Harmony of a Hunter Returns,,1,15,Kraidosaurus,2:59,PirateCrab,,Vs Kraid,"Super Metroid, Metroid: Zero Mission",https://albums.shinesparkers.net/hoahr/Lossy/15%20-%20Kraidosaurus%20-%20PirateCrab.mp3,https://albums.shinesparkers.net/hoahr/Lossless/15%20-%20Kraidosaurus%20-%20PirateCrab.flac,,
Harmony of a Hunter Returns,,1,16,Another Memory,2:00,Sebastian Mårtensson,,Finding The Memento,Metroid: Other M,https://albums.shinesparkers.net/hoahr/Lossy/16%20-%20Another%20Memory%20-%20Sebastian%20Mårtensson.mp3,https://albums.shinesparkers.net/hoahr/Lossless/16%20-%20Another%20Memory%20-%20Sebastian%20Mårtensson.flac,,
Harmony of a Hunter Returns,,1,17,Prelude for Prime,5:30,DS Music,,Opening,Metroid Prime Trilogy,https://albums.shinesparkers.net/hoahr/Lossy/17%20-%20Prelude%20for%20Prime%20-%20DS%20Music.mp3,https://albums.shinesparkers.net/hoahr/Lossless/17%20-%20Prelude%20for%20Prime%20-%20DS%20Music.flac,,
Harmony of a Hunter Returns,,1,18,Memories of an Echo,5:53,David Donges,,Title Screen,Metroid Prime 2: Echoes,https://albums.shinesparkers.net/hoahr/Lossy/18%20-%20Memories%20of%20an%20Echo%20-%20David%20Donges.mp3,https://albums.shinesparkers.net/hoahr/Lossless/18%20-%20Memories%20of%20an%20Echo%20-%20David%20Donges.flac,,
Harmony of a Hunter Returns,,1,19,Metamorphic,4:54,Thennecan,,Vs Gandrayda,Metroid Prime 3: Corruption,https://albums.shinesparkers.net/hoahr/Lossy/19%20-%20Metamorphic%20-%20Thennecan.mp3,https://albums.shinesparkers.net/hoahr/Lossless/19%20-%20Metamorphic%20-%20Thennecan.flac,,
Harmony of a Hunter Returns,,1,20,SRX Derelict,4:02,George R. Powell,Viking Guitar,Sector 1,Metroid Fusion,https://albums.shinesparkers.net/hoahr/Lossy/20%20-%20SRX%20Derelict%20-%20George%20R.%20Powell%20(feat.%20Viking%20Guitar).mp3,https://albums.shinesparkers.net/hoahr/Lossless/20%20-%20SRX%20Derelict%20-%20George%20R.%20Powell%20(feat.%20Viking%20Guitar).flac,,
Harmony of a Hunter Returns,,1,21,Echoes From the Past,3:24,Zack Parrish,Sebastian Mårtensson,Chozo Ruins,Metroid: Zero Mission,https://albums.shinesparkers.net/hoahr/Lossy/21%20-%20Echoes%20From%20the%20Past%20-%20Zack%20Parrish%20(feat.%20Sebastian%20Mårtensson).mp3,https://albums.shinesparkers.net/hoahr/Lossless/21%20-%20Echoes%20From%20the%20Past%20-%20Zack%20Parrish%20(feat.%20Sebastian%20Mårtensson).flac,,
Harmony of a Hunter Returns,,1,22,The Inn by the Glacier,3:29,Stephan Wells,"Vidboy, Slyvar",Phendrana Drifts,Metroid Prime,"https://albums.shinesparkers.net/hoahr/Lossy/22%20-%20The%20Inn%20by%20the%20Glacier%20-%20Stephan%20Wells%20(feat.%20Vidboy,%20Slyvar).mp3","https://albums.shinesparkers.net/hoahr/Lossless/22%20-%20The%20Inn%20by%20the%20Glacier%20-%20Stephan%20Wells%20(feat.%20Vidboy,%20Slyvar).flac",,
Harmony of a Hunter Returns,,1,23,Groundshaker,4:20,Drakeld,,Vs Thardus,Metroid Prime,https://albums.shinesparkers.net/hoahr/Lossy/23%20-%20Groundshaker%20-%20Drakeld.mp3,https://albums.shinesparkers.net/hoahr/Lossless/23%20-%20Groundshaker%20-%20Drakeld.flac,,
Harmony of a Hunter Returns,,1,24,Redemption,4:15,Zack Parrish,,Title theme,Metroid Prime: Federation Force,https://albums.shinesparkers.net/hoahr/Lossy/24%20-%20Redemption%20-%20Zack%20Parrish.mp3,https://albums.shinesparkers.net/hoahr/Lossless/24%20-%20Redemption%20-%20Zack%20Parrish.flac,,
Harmony of a Hunter Returns,,1,25,War Golem,3:40,Lucas Eklund,,Vs Mogenar,Metroid Prime 3: Corruption,https://albums.shinesparkers.net/hoahr/Lossy/25%20-%20War%20Golem%20-%20Lucas%20Eklund.mp3,https://albums.shinesparkers.net/hoahr/Lossless/25%20-%20War%20Golem%20-%20Lucas%20Eklund.flac,,
Harmony of a Hunter Returns,,1,26,TA4-X,4:27,Tim Hellmann,,Tallon Overworld 2,Metroid Prime,https://albums.shinesparkers.net/hoahr/Lossy/26%20-%20TA4-X%20-%20Tim%20Hellmann.mp3,https://albums.shinesparkers.net/hoahr/Lossless/26%20-%20TA4-X%20-%20Tim%20Hellmann.flac,,
Harmony of a Hunter Returns,,1,27,An Endless Sleep,4:24,Zack Parrish,"Harpsibored, Chromatic Apparatus, Psamathes",Skytown,Metroid Prime 3: Corruption,"https://albums.shinesparkers.net/hoahr/Lossy/27%20-%20An%20Endless%20Sleep%20-%20Zack%20Parrish%20(feat.%20Harpsibored,%20Chromatic%20Apparatus,%20Psamathes).mp3","https://albums.shinesparkers.net/hoahr/Lossless/27%20-%20An%20Endless%20Sleep%20-%20Zack%20Parrish%20(feat.%20Harpsibored,%20Chromatic%20Apparatus,%20Psamathes).flac",,
Harmony of a Hunter Returns,,1,28,The Motherworld,4:37,Mozzaratti,,Surface of SR-388,"Metroid II: Return of Samus, Samus Returns",https://albums.shinesparkers.net/hoahr/Lossy/28%20-%20The%20Motherworld%20-%20Mozzaratti.mp3,https://albums.shinesparkers.net/hoahr/Lossless/28%20-%20The%20Motherworld%20-%20Mozzaratti.flac,,
Harmony of a Hunter Returns,,1,29,Parasite Slasher,3:10,Chernabogue,Viking Guitar,Arachnus X,Metroid Fusion,https://albums.shinesparkers.net/hoahr/Lossy/29%20-%20Parasite%20Slasher%20-%20Chernabogue%20(feat.%20Viking%20Guitar).mp3,https://albums.shinesparkers.net/hoahr/Lossless/29%20-%20Parasite%20Slasher%20-%20Chernabogue%20(feat.%20Viking%20Guitar).flac,,
Harmony of a Hunter Returns,,1,30,U-Mos' Mainframe,3:17,Dewey Newt,,Sanctuary Fortress,Metroid Prime 2: Echoes,https://albums.shinesparkers.net/hoahr/Lossy/30%20-%20U-Mos'%20Mainframe%20-%20Dewey%20Newt.mp3,https://albums.shinesparkers.net/hoahr/Lossless/30%20-%20U-Mos'%20Mainframe%20-%20Dewey%20Newt.flac,,
Harmony of a Hunter Returns,,1,31,In the Name of Science,3:29,Sebastian Mårtensson,,Vs Nightmare,Metroid Fusion,https://albums.shinesparkers.net/hoahr/Lossy/31%20-%20In%20the%20Name%20of%20Science%20-%20Sebastian%20Mårtensson.mp3,https://albums.shinesparkers.net/hoahr/Lossless/31%20-%20In%20the%20Name%20of%20Science%20-%20Sebastian%20Mårtensson.flac,,
Harmony of a Hunter Returns,,1,32,Darkness Rising,4:07,Drakeld,,Vs Dark Samus,Metroid Prime 2: Echoes,https://albums.shinesparkers.net/hoahr/Lossy/32%20-%20Darkness%20Rising%20-%20Drakeld.mp3,https://albums.shinesparkers.net/hoahr/Lossless/32%20-%20Darkness%20Rising%20-%20Drakeld.flac,,
Harmony of a Hunter Returns,,1,33,Darkness vs Light,4:38,VomitroN,,Vs Emperor Ing,Metroid Prime 2: Echoes,https://albums.shinesparkers.net/hoahr/Lossy/33%20-%20Darkness%20vs%20Light%20-%20VomitroN.mp3,https://albums.shinesparkers.net/hoahr/Lossless/33%20-%20Darkness%20vs%20Light%20-%20VomitroN.flac,,
Harmony of a Hunter Returns,,1,34,A New Star,3:31,Blue Brew Music,,"Menu, Credits",Metroid Prime,https://albums.shinesparkers.net/hoahr/Lossy/34%20-%20A%20New%20Star%20-%20Blue%20Brew%20Music.mp3,https://albums.shinesparkers.net/hoahr/Lossless/34%20-%20A%20New%20Star%20-%20Blue%20Brew%20Music.flac,,
Harmony of a Hunter Returns,,1,35,The Age of Gold,5:13,Danilo Ciaffi,Choir,Bryyo (Cliffside),Metroid Prime 3: Corruption,https://albums.shinesparkers.net/hoahr/Lossy/35%20-%20The%20Age%20of%20Gold%20-%20Danilo%20Ciaffi%20(feat.%20Choir).mp3,https://albums.shinesparkers.net/hoahr/Lossless/35%20-%20The%20Age%20of%20Gold%20-%20Danilo%20Ciaffi%20(feat.%20Choir).flac,"CHOIR: Luis Vasquez, BillyTheBard11th, PegsterMcDudeson, Charlie Bramald, GuitarSVD, SoulInSadness, Darren Kerwin, Danilo Ciaffi

LYRICS:

Primal lords of earth sky and stars 
Fallen under your own hand 
Primal lords of earth sky and stars 
Let your sons surpass your heights 

Lost is the time 
when we used to be one 
Bring back to life 
the place we called our home 

Primal lords of earth sky and stars 
Give your kin the strength to rise 

To overcome their own divide 
To reignite their dying light 

Succeed where your fathers did fail 
reach heights they could never dream of
Stronger undivided fed with hunger 
taking back what is yours 

Take back the time 
you call the age of gold 
Bring back the sight 
of a prosperous world 
Take back the time 
you call the age of gold 
Bring back the sight 
of a prosperous world 

Lost is the time 
when we used to be one 
Bring back to life 
the place we called our home 

Hear your home-world calling for its people 
Hear its people calling you 

Now is the time 
we will be truly one 
Bring back to life 
the place we called our home 

Build a new age of gold 
Great than it was before 
Build a new age of gold 
Great than it was before 
Build a new age of gold 
Great than it was before 
Build a new age of gold 
Great than it was before 

Now is the time 
we will be truly one 
Bring back to life 
the place we called our home
",
Harmony of a Hunter Returns,,1,36,Aethereal Nexus,3:25,Drakeld,,Temple Grounds,Metroid Prime 2: Echoes,https://albums.shinesparkers.net/hoahr/Lossy/36%20-%20Aethereal%20Nexus%20-%20Drakeld.mp3,https://albums.shinesparkers.net/hoahr/Lossless/36%20-%20Aethereal%20Nexus%20-%20Drakeld.flac,,
Harmony of a Hunter Returns,,1,37,A Crack in the Glass,5:00,Groovin' Apple,,Maridia (Sandy Desert),Super Metroid,https://albums.shinesparkers.net/hoahr/Lossy/37%20-%20A%20Crack%20in%20the%20Glass%20-%20Groovin'%20Apple.mp3,https://albums.shinesparkers.net/hoahr/Lossless/37%20-%20A%20Crack%20in%20the%20Glass%20-%20Groovin'%20Apple.flac,,
Harmony of a Hunter Returns,,1,38,The Battle for Tallon IV,5:59,David Donges,,Vs Space Pirates,Metroid Prime 2: Echoes,https://albums.shinesparkers.net/hoahr/Lossy/38%20-%20The%20Battle%20for%20Tallon%20IV%20-%20David%20Donges.mp3,https://albums.shinesparkers.net/hoahr/Lossless/38%20-%20The%20Battle%20for%20Tallon%20IV%20-%20David%20Donges.flac,,
Harmony of a Hunter Returns,,1,39,Phazonsynthesis,3:57,Simon Palmblad,,Flaahgra,Metroid Prime,https://albums.shinesparkers.net/hoahr/Lossy/39%20-%20Phazonsynthesis%20-%20Simon%20Palmblad.mp3,https://albums.shinesparkers.net/hoahr/Lossless/39%20-%20Phazonsynthesis%20-%20Simon%20Palmblad.flac,,
Harmony of a Hunter Returns,,1,40,Melting Point,4:14,Zack Parrish,,Vs Vorash,Metroid: Other M,https://albums.shinesparkers.net/hoahr/Lossy/40%20-%20Melting%20Point%20-%20Zack%20Parrish.mp3,https://albums.shinesparkers.net/hoahr/Lossless/40%20-%20Melting%20Point%20-%20Zack%20Parrish.flac,,
Harmony of a Hunter Returns,,1,41,"Nicely done, Samus!",2:52,garlagan,,"Record of Samus (Metroid Prime 1,2,3)",Metroid Prime series,"https://albums.shinesparkers.net/hoahr/Lossy/41%20-%20Nicely%20Done,%20Samus!%20-%20garlagan.mp3","https://albums.shinesparkers.net/hoahr/Lossless/41%20-%20Nicely%20Done,%20Samus!%20-%20garlagan.flac",,
Harmony of a Hunter Returns,,1,42,The Plot Thickens,4:28,"Zack Parrish, Sebastian Mårtensson",,"Uncovering The Bioweapons Plot, An Unfortunate Discovery",Metroid: Other M,"https://albums.shinesparkers.net/hoahr/Lossy/42%20-%20The%20Plot%20Thickens%20-%20Zack%20Parrish,%20Sebastian%20Mårtensson.mp3","https://albums.shinesparkers.net/hoahr/Lossless/42%20-%20The%20Plot%20Thickens%20-%20Zack%20Parrish,%20Sebastian%20Mårtensson.flac",,
Harmony of a Hunter Returns,,1,43,Garden of Zebes,6:23,Gario,,Brinstar Green,Super Metroid,https://albums.shinesparkers.net/hoahr/Lossy/43%20-%20Garden%20of%20Zebes%20-%20Gario.mp3,https://albums.shinesparkers.net/hoahr/Lossless/43%20-%20Garden%20of%20Zebes%20-%20Gario.flac,,
Harmony of a Hunter Returns,,1,44,Cradle of the Chozo,4:13,Prophetik,,Artifact Temple,Metroid Prime,https://albums.shinesparkers.net/hoahr/Lossy/44%20-%20Cradle%20of%20the%20Chozo%20-%20Prophetik.mp3,https://albums.shinesparkers.net/hoahr/Lossless/44%20-%20Cradle%20of%20the%20Chozo%20-%20Prophetik.flac,,
Harmony of a Hunter Returns,,1,45,Neon Norfair,5:49,LV-380,,Norfair,"Metroid, Metroid: Zero Mission",https://albums.shinesparkers.net/hoahr/Lossy/45%20-%20Neon%20Norfair%20-%20LV-380.mp3,https://albums.shinesparkers.net/hoahr/Lossless/45%20-%20Neon%20Norfair%20-%20LV-380.flac,,
Harmony of a Hunter Returns,,1,46,Sanctuary of Geoform 187,4:44,Chip Jockey,,Ridley's Lair,"Metroid, Metroid: Zero Mission",https://albums.shinesparkers.net/hoahr/Lossy/46%20-%20Sanctuary%20of%20Geoform%20187%20-%20Chip%20Jockey.mp3,https://albums.shinesparkers.net/hoahr/Lossless/46%20-%20Sanctuary%20of%20Geoform%20187%20-%20Chip%20Jockey.flac,,
Harmony of a Hunter Returns,,1,47,Bowels of Torment,5:17,Viking Guitar,,Lower Norfair,Super Metroid,https://albums.shinesparkers.net/hoahr/Lossy/47%20-%20Bowels%20of%20Torment%20-%20Viking%20Guitar%20(feat.%20Angel%20Hernandez).mp3,https://albums.shinesparkers.net/hoahr/Lossless/47%20-%20Bowels%20of%20Torment%20-%20Viking%20Guitar%20(feat.%20Angel%20Hernandez).flac,,
Harmony of a Hunter Returns,,1,48,The Cunning God of Death,3:58,Vincent Rubinetti,Zack Parrish,Vs Ridley (Various),Metroid series,https://albums.shinesparkers.net/hoahr/Lossy/48%20-%20The%20Cunning%20God%20of%20Death%20-%20Vincent%20Rubinetti%20(feat.%20Zack%20Parrish).mp3,https://albums.shinesparkers.net/hoahr/Lossless/48%20-%20The%20Cunning%20God%20of%20Death%20-%20Vincent%20Rubinetti%20(feat.%20Zack%20Parrish).flac,,
Harmony of a Hunter Returns,,1,49,Grandparent Parietal,3:04,Digll,Roger Lima ,Vs Mother Brain,Super Metroid,https://albums.shinesparkers.net/hoahr/Lossy/49%20-%20Grandparent%20Parietal%20-%20Digll%20(feat.%20Roger%20Lima).mp3,https://albums.shinesparkers.net/hoahr/Lossless/49%20-%20Grandparent%20Parietal%20-%20Digll%20(feat.%20Roger%20Lima).flac,,
Harmony of a Hunter Returns,,1,50,Brain Dead,2:43,Blue Brew Music,,Escape,Metroid,https://albums.shinesparkers.net/hoahr/Lossy/50%20-%20Brain%20Dead%20-%20Blue%20Brew%20Music.mp3,https://albums.shinesparkers.net/hoahr/Lossless/50%20-%20Brain%20Dead%20-%20Blue%20Brew%20Music.flac,,
Harmony of a Hunter Returns,,1,51,Peace In Space 1986,3:37,LV-380,,Credits,Metroid,https://albums.shinesparkers.net/hoahr/Lossy/51%20-%20Peace%20In%20Space%201986%20-%20LV-380.mp3,https://albums.shinesparkers.net/hoahr/Lossless/51%20-%20Peace%20In%20Space%201986%20-%20LV-380.flac,,
Harmony of a Hunter Returns,,1,52,Wave (Goodbye) Beam,3:33,Vidboy,,Surface of Tallon IV,Metroid Prime,https://albums.shinesparkers.net/hoahr/Lossy/52%20-%20Wave%20(Goodbye)%20Beam%20-%20Vidboy.mp3,https://albums.shinesparkers.net/hoahr/Lossless/52%20-%20Wave%20(Goodbye)%20Beam%20-%20Vidboy.flac,,
Harmony of a Hunter Returns,,1,53,Orpheon Groove,4:12,ZakMarcusMusic,VGDrumCovers,Underwater Frigate,Metroid Prime,https://albums.shinesparkers.net/hoahr/Lossy/53%20-%20Orpheon%20Groove%20-%20ZakMarcusMusic%20(feat.%20VGDrumCovers).mp3,https://albums.shinesparkers.net/hoahr/Lossless/53%20-%20Orpheon%20Groove%20-%20ZakMarcusMusic%20(feat.%20VGDrumCovers).flac,,
Harmony of a Hunter Returns,,1,54,Mechaeye,3:33,Justin Thornburgh,VGDrumCovers,Vs Slench,Metroid Prime Hunters,https://albums.shinesparkers.net/hoahr/Lossy/54%20-%20Mechaeye%20-%20Justin%20Thornburgh%20(feat.%20VGDrumCovers).mp3,https://albums.shinesparkers.net/hoahr/Lossless/54%20-%20Mechaeye%20-%20Justin%20Thornburgh%20(feat.%20VGDrumCovers).flac,Special thanks to PyroPaperPlanes for providing a MIDI.,
Harmony of a Hunter Returns,,1,55,The Lost Vessel Awakens,4:58,Unknown,,Wrecked Ship,Super Metroid,https://albums.shinesparkers.net/hoahr/Lossy/55%20-%20The%20Lost%20Vessel%20Awakens%20-%20Unknown.mp3,https://albums.shinesparkers.net/hoahr/Lossless/55%20-%20The%20Lost%20Vessel%20Awakens%20-%20Unknown.flac,,
Harmony of a Hunter Returns,,1,56,Wonderwave,4:35,Drakeld,,Underwater Depths,Metroid Fusion,https://albums.shinesparkers.net/hoahr/Lossy/56%20-%20Wonderwave%20-%20Drakeld.mp3,https://albums.shinesparkers.net/hoahr/Lossless/56%20-%20Wonderwave%20-%20Drakeld.flac,,
Harmony of a Hunter Returns,,1,57,Operation Golem,3:11,Prophetik,,Title Screen,Metroid Prime: Federation Force,https://albums.shinesparkers.net/hoahr/Lossy/57%20-%20Operation%20Golem%20-%20Prophetik.mp3,https://albums.shinesparkers.net/hoahr/Lossless/57%20-%20Operation%20Golem%20-%20Prophetik.flac,,
Harmony of a Hunter Returns,,1,58,Twilight Zone,3:37,"Zack Parrish, Sebastian Mårtensson",,Title screen,Metroid Prime: Blast Ball,"https://albums.shinesparkers.net/hoahr/Lossy/58%20-%20Twilight%20Zone%20-%20Zack%20Parrish,%20Sebastian%20Mårtensson.mp3","https://albums.shinesparkers.net/hoahr/Lossless/58%20-%20Twilight%20Zone%20-%20Zack%20Parrish,%20Sebastian%20Mårtensson.flac",,
Harmony of a Hunter Returns,,1,59,Go Rogue,3:09,Moa Lenngren,,Vs Diggernaut,Metroid: Samus Returns,https://albums.shinesparkers.net/hoahr/Lossy/59%20-%20Go%20Rogue%20-%20Moa%20Lenngren.mp3,https://albums.shinesparkers.net/hoahr/Lossless/59%20-%20Go%20Rogue%20-%20Moa%20Lenngren.flac,,
Harmony of a Hunter Returns,,1,60,Call of the Warrior,5:10,Vincent Rubinetti,The Reddit Symphony Orchestra,Theme of Samus Aran: Galactic Warrior,Super Metroid,https://albums.shinesparkers.net/hoahr/Lossy/60%20-%20Call%20of%20the%20Warrior%20-%20Vincent%20Rubinetti%20(feat.%20Reddit%20Symphony%20Orchestra).mp3,https://albums.shinesparkers.net/hoahr/Lossless/60%20-%20Call%20of%20the%20Warrior%20-%20Vincent%20Rubinetti%20(feat.%20Reddit%20Symphony%20Orchestra).flac,"LATIN LYRICS:

Venator
Contra omnes

Tenebrae nocte conplent
Lux accendit abyssum
Tenebrae nocte conplent
Lux accendit abyssum

Fulgur tangit
Fulgur tangit
Et ascendam

Nox de igni et ira
Nox de igni et ira
Erit victor fortisque
Erit victor fortis- (erit victor fortisque)

Nox de igni et ira
Nox de igni et ira
Erit victor fortisque
Erit victor fortis- (erit victor fortisque)

Bellum perpetuum
In nocte
Et ascendam

ENGLISH LYRICS: 

Hunter
Against all

Darkness fills the night
Light illuminates the abyss
Darkness fills the night
Light illuminates the abyss

Lightning strikes
Lightning strikes
I will rise

Night of fire and fury
Night of fire and fury
I will be mighty and victorious
I will be mighty and victorious

Night of fire and fury
Night of fire and fury
I will be mighty and victorious
I will be mighty and victorious

Eternal war
In the night
I will rise

FULL SCORE: https://www.vincentrubinetti.com/sheets/call-of-the-warrior/",
Harmony of a Hunter Returns,,1,61,Harmony Returns,2:46,Zack Parrish,,"Opening (Metroid), Prologue (Super Metroid), Main Theme, Metroid Prime",Metroid series,https://albums.shinesparkers.net/hoahr/Lossy/61%20-%20Harmony%20Returns%20-%20Zack%20Parrish%20(feat.%20Sebastian%20Mårtensson).mp3,https://albums.shinesparkers.net/hoahr/Lossless/61%20-%20Harmony%20Returns%20-%20Zack%20Parrish%20(feat.%20Sebastian%20Mårtensson).flac,,
Harmony of a Hunter Returns,,1,62,Below the Ice and Snow,3:46,Misplaced,,Original track,Original Arrangement,https://albums.shinesparkers.net/hoahr/Lossy/62%20-%20Below%20the%20Ice%20and%20Snow%20-%20Misplaced.mp3,https://albums.shinesparkers.net/hoahr/Lossless/62%20-%20Below%20the%20Ice%20and%20Snow%20-%20Misplaced.flac,"LYRICS:

A silence grows from her isolation
Frozen is the land she sees
As she's gazing over the shorelines
snow is falling down on her

Is there no hope?
Are they all lost and gone?
Blighted by
the poison that evil spawned

Many memories lies below the ice and snow
while the once so majestic halls now rest, hollow
I’ll avenge you, I’ll be thorough, I’ll be swift
Oh, what darkness wreaked these scars, Phendrana Drifts

From the depths a darkness is growing
Gnawing on her very mind
It devoured a civilization
Promise to avenge their kind

Entrusted one,
wield our wea-pons and armor
Reverse this evil,
break its strength to reach farther

Many memories lies below the ice and snow
while the once so majestic halls now rest, hollow
I’ll avenge you, I’ll be thorough, I’ll be swift
Oh, what darkness wreaked these scars, Phendrana Drifts

:SOLO:

Many memories lies below the ice and snow
while the once so majestic halls now rest, hollow
I’ll avenge you, I’ll be thorough, I’ll be swift
Oh, what darkness wreaked these scars, Phendrana Drifts",
Harmony of a Hunter Returns,,1,63,A Hunters Epilogue,3:17,Torby Brand,,Credits (Super Metroid),Super Metroid,https://albums.shinesparkers.net/hoahr/Lossy/63%20-%20A%20Hunter's%20Epilogue%20-%20Torby%20Brand.mp3,https://albums.shinesparkers.net/hoahr/Lossless/63%20-%20A%20Hunter's%20Epilogue%20-%20Torby%20Brand.flac,,
Harmony of a Hunter Returns,,1,64,Chronicles of Samus,24:38,HiScore,,Various Tracks,Metroid series,https://albums.shinesparkers.net/hoahr/Lossy/64%20-%20Chronicles%20of%20Samus%20-%20HiScore.mp3,https://albums.shinesparkers.net/hoahr/Lossless/64%20-%20Chronicles%20of%20Samus%20-%20HiScore.flac,"SOURCES AND CREDITS:

Escape Theme (Metroid) - Moa Lenngren
Metroid Hatchling (Metroid II - Return of Samus) - Sebastian Mårtensson & Tove Pettersson
Theme of Super Metroid (Super Metroid) - Thomas Lundell
Sector 4 - AQA (Metroid Fusion) - Samuel Lidström
Phendrana Drifts (Metroid Prime) - Simon Palmblad
Kraid Battle Theme (Metroid: Zero Mission) - Mauricio de Carvalho
Sanctuary Fortress (Metroid Prime 2: Echoes) - Sebastian Mårtensson
Chozo Artifact Temple (Metroid Prime Pinball) - Joel Sandberg
Celestial Archives (Metroid Prime: Hunters) - Drakeld (Hugo Willén & Rasmus Wallin)
Gandrayda’s Theme (Metroid Prime 3: Corruption) - Moa Lenngren
Metroid Prime Trilogy Theme (Metroid Prime Trilogy) - Sebastian Mårtensson
Approaching Sector Zero (Metroid: Other M) - Samuel Lidström
Splash Screen (Metroid Prime: Federation Force) - Sebastian Mårtensson
Chozo Laboratory (Metroid 2: Samus Returns) - Sebastian Mårtensson
Metroid Main Theme (Metroid series) - Samuel Lidström & Sebastian Mårtensson

CAMEOS:
Samus’ Fanfare (several games) - Moa Lenngren
Item Acquisition (several games) - Sebastian Mårtensson
Item Room (Metroid NES) - Sebastian Mårtensson & Samuel Lidström
Vs. Corpious (Metroid Dread) - Sebastian Mårtensson & Samuel Lidström

ADDITIONAL CREDITS:
Project Lead and planning - Sebastian Mårtensson
Mastering - Samuel Lidström
Lead medley mix - Samuel Lidström
Additional medley mix - Sebastian Mårtensson
Intro sound design - Moa Lenngren
Transitional sound design - Samuel Lidström & Sebastian Mårtensson
Saxophone on Celestial Archives - Bobbie Jane Desforge
Vocals on Metroid Main theme - Tove Pettersson
Samus Voice Actor - Alex Parrish
Adam Voice Actor - Zack Parrish
Sector Zero Alarm Voice Actor - Sebastian Mårtensson
Resampling of strings (Chozo Artifact Temple) - Joel Sandberg & Sebastian Mårtensson
Resampling of drums (Escape Theme, Gandrayda’s Theme) - Samuel Lidström & Sebastian Mårtensson
Special thanks - Darren Kerwin & Zack Parrish",
Harmony of a Hunter Returns,,1,65,Corruption Consumed,3:30,Julia Seeholzer,The University of San Diego Choral Scholars,Credits,Metroid Prime 3: Corruption,https://albums.shinesparkers.net/hoahr/Lossy/65%20-%20Corruption%20Consumed%20-%20Julia%20Seeholzer%20(feat.%20The%20University%20of%20San%20Diego%20Choral%20Scholars).mp3,https://albums.shinesparkers.net/hoahr/Lossless/65%20-%20Corruption%20Consumed%20-%20Julia%20Seeholzer%20(feat.%20The%20University%20of%20San%20Diego%20Choral%20Scholars).flac,"CREDITS:

(Soprano)
Angelique Brown
Elora Dannan
Melissa Tumlos
Madison Vertson
Libby Weber

(Alto)
Rosalyn Arvizu
Annie Flati
Elizabeth Gagle
Julia McAtee
Ruiwen Wang

(Tenor)
Juan Carlos Acosta
Will Altinger
Jack Hemphill
Sam Stringer

(Bass)
Payton Asch
Adam Davis
Aidan Conant Guy
John Mitchell


Juan Carlos Acosta, Director/Producer

LYRICS:

Phazon, phazon, phazon,
Phazon, phazon, phazon

Light from darkness

Spreading the light of hope together as we are
Spreading the light of hope,
Just the light of a star, a star, a shining star

Like a shooting star
Together we are all flying on
Felt like it would all last forever
But the day has come

For all time, I hope we remember
Fighting battles, our war
Only now, only now,
Spreading the light lost before

For all time, I hope to recall
Those whose battles were lost
For all time, I know I’ll recall
Phazon came at great cost

Light from darkness

Spreading the light of hope together as we are
Spreading the light of hope,
Just the light of a star, a star, a shining star",